ponto_id,lat_pred,lon_pred
0,-8.0,-34.0
3,-8.0,-34.0
8,-8.0,-34.0
10,-8.0,-34.0
12,-8.0,-34.0
14,-8.0,-34.0
17,-8.0,-34.0
19,-8.0,-34.0
23,-8.0,-34.0
29,-8.0,-34.0
30,-8.0,-34.0
31,-8.0,-34.0
33,-8.0,-34.0
36,-8.0,-34.0
37,-8.0,-34.0
39,-8.0,-34.0
41,-8.0,-34.0
46,-8.0,-34.0
47,-8.0,-34.0
48,-8.0,-34.0
50,-8.0,-34.0
56,-8.0,-34.0
58,-8.0,-34.0
59,-8.0,-34.0
61,-8.0,-34.0
65,-8.0,-34.0
68,-8.0,-34.0
69,-8.0,-34.0
70,-8.0,-34.0
73,-8.0,-34.0
76,-8.0,-34.0
79,-8.0,-34.0
80,-8.0,-34.0
81,-8.0,-34.0
87,-8.0,-34.0
88,-8.0,-34.0
91,-8.0,-34.0
92,-8.0,-34.0
93,-8.0,-34.0
95,-8.0,-34.0
96,-8.0,-34.0
99,-8.0,-34.0
100,-8.0,-34.0
101,-8.0,-34.0
102,-8.0,-34.0
103,-8.0,-34.0
104,-8.0,-34.0
106,-8.0,-34.0
107,-8.0,-34.0
108,-8.0,-34.0
111,-8.0,-34.0
118,-8.0,-34.0
119,-8.0,-34.0
122,-8.0,-34.0
131,-8.0,-34.0
132,-8.0,-34.0
135,-8.0,-34.0
144,-8.0,-34.0
149,-8.0,-34.0
151,-8.0,-34.0
157,-8.0,-34.0
164,-8.0,-34.0
167,-8.0,-34.0
168,-8.0,-34.0
169,-8.0,-34.0
172,-8.0,-34.0
176,-8.0,-34.0
177,-8.0,-34.0
179,-8.0,-34.0
180,-8.0,-34.0
181,-8.0,-34.0
185,-8.0,-34.0
196,-8.0,-34.0
199,-8.0,-34.0
209,-8.0,-34.0
211,-8.0,-34.0
212,-8.0,-34.0
214,-8.0,-34.0
217,-8.0,-34.0
218,-8.0,-34.0
221,-8.0,-34.0
222,-8.0,-34.0
229,-8.0,-34.0
230,-8.0,-34.0
233,-8.0,-34.0
239,-8.0,-34.0
245,-8.0,-34.0
247,-8.0,-34.0
248,-8.0,-34.0
251,-8.0,-34.0
252,-8.0,-34.0
257,-8.0,-34.0
263,-8.0,-34.0
265,-8.0,-34.0
267,-8.0,-34.0
274,-8.0,-34.0
286,-8.0,-34.0
288,-8.0,-34.0
291,-8.0,-34.0
292,-8.0,-34.0
300,-8.0,-34.0
304,-8.0,-34.0
308,-8.0,-34.0
311,-8.0,-34.0
315,-8.0,-34.0
316,-8.0,-34.0
318,-8.0,-34.0
319,-8.0,-34.0
321,-8.0,-34.0
323,-8.0,-34.0
328,-8.0,-34.0
330,-8.0,-34.0
332,-8.0,-34.0
333,-8.0,-34.0
334,-8.0,-34.0
335,-8.0,-34.0
337,-8.0,-34.0
346,-8.0,-34.0
349,-8.0,-34.0
350,-8.0,-34.0
353,-8.0,-34.0
354,-8.0,-34.0
360,-8.0,-34.0
367,-8.0,-34.0
379,-8.0,-34.0
381,-8.0,-34.0
385,-8.0,-34.0
388,-8.0,-34.0
393,-8.0,-34.0
394,-8.0,-34.0
400,-8.0,-34.0
401,-8.0,-34.0
402,-8.0,-34.0
408,-8.0,-34.0
409,-8.0,-34.0
411,-8.0,-34.0
415,-8.0,-34.0
416,-8.0,-34.0
427,-8.0,-34.0
429,-8.0,-34.0
433,-8.0,-34.0
435,-8.0,-34.0
439,-8.0,-34.0
445,-8.0,-34.0
447,-8.0,-34.0
449,-8.0,-34.0
453,-8.0,-34.0
455,-8.0,-34.0
457,-8.0,-34.0
461,-8.0,-34.0
462,-8.0,-34.0
465,-8.0,-34.0
468,-8.0,-34.0
472,-8.0,-34.0
473,-8.0,-34.0
474,-8.0,-34.0
476,-8.0,-34.0
477,-8.0,-34.0
483,-8.0,-34.0
485,-8.0,-34.0
486,-8.0,-34.0
487,-8.0,-34.0
495,-8.0,-34.0
496,-8.0,-34.0
500,-8.0,-34.0
503,-8.0,-34.0
509,-8.0,-34.0
510,-8.0,-34.0
511,-8.0,-34.0
513,-8.0,-34.0
518,-8.0,-34.0
524,-8.0,-34.0
528,-8.0,-34.0
530,-8.0,-34.0
532,-8.0,-34.0
533,-8.0,-34.0
538,-8.0,-34.0
540,-8.0,-34.0
543,-8.0,-34.0
544,-8.0,-34.0
550,-8.0,-34.0
551,-8.0,-34.0
554,-8.0,-34.0
555,-8.0,-34.0
563,-8.0,-34.0
564,-8.0,-34.0
567,-8.0,-34.0
568,-8.0,-34.0
576,-8.0,-34.0
577,-8.0,-34.0
582,-8.0,-34.0
586,-8.0,-34.0
590,-8.0,-34.0
591,-8.0,-34.0
592,-8.0,-34.0
594,-8.0,-34.0
601,-8.0,-34.0
603,-8.0,-34.0
604,-8.0,-34.0
605,-8.0,-34.0
611,-8.0,-34.0
613,-8.0,-34.0
617,-8.0,-34.0
618,-8.0,-34.0
620,-8.0,-34.0
623,-8.0,-34.0
624,-8.0,-34.0
625,-8.0,-34.0
633,-8.0,-34.0
637,-8.0,-34.0
641,-8.0,-34.0
642,-8.0,-34.0
647,-8.0,-34.0
653,-8.0,-34.0
654,-8.0,-34.0
655,-8.0,-34.0
664,-8.0,-34.0
665,-8.0,-34.0
668,-8.0,-34.0
673,-8.0,-34.0
675,-8.0,-34.0
676,-8.0,-34.0
678,-8.0,-34.0
682,-8.0,-34.0
683,-8.0,-34.0
693,-8.0,-34.0
694,-8.0,-34.0
696,-8.0,-34.0
700,-8.0,-34.0
706,-8.0,-34.0
708,-8.0,-34.0
710,-8.0,-34.0
711,-8.0,-34.0
712,-8.0,-34.0
713,-8.0,-34.0
715,-8.0,-34.0
718,-8.0,-34.0
724,-8.0,-34.0
730,-8.0,-34.0
733,-8.0,-34.0
736,-8.0,-34.0
737,-8.0,-34.0
738,-8.0,-34.0
740,-8.0,-34.0
742,-8.0,-34.0
743,-8.0,-34.0
744,-8.0,-34.0
745,-8.0,-34.0
747,-8.0,-34.0
748,-8.0,-34.0
749,-8.0,-34.0
751,-8.0,-34.0
753,-8.0,-34.0
758,-8.0,-34.0
759,-8.0,-34.0
761,-8.0,-34.0
763,-8.0,-34.0
764,-8.0,-34.0
765,-8.0,-34.0
766,-8.0,-34.0
773,-8.0,-34.0
774,-8.0,-34.0
782,-8.0,-34.0
786,-8.0,-34.0
789,-8.0,-34.0
794,-8.0,-34.0
795,-8.0,-34.0
799,-8.0,-34.0
800,-8.0,-34.0
809,-8.0,-34.0
810,-8.0,-34.0
811,-8.0,-34.0
815,-8.0,-34.0
828,-8.0,-34.0
831,-8.0,-34.0
833,-8.0,-34.0
834,-8.0,-34.0
835,-8.0,-34.0
837,-8.0,-34.0
841,-8.0,-34.0
852,-8.0,-34.0
856,-8.0,-34.0
858,-8.0,-34.0
862,-8.0,-34.0
866,-8.0,-34.0
868,-8.0,-34.0
871,-8.0,-34.0
872,-8.0,-34.0
877,-8.0,-34.0
879,-8.0,-34.0
881,-8.0,-34.0
883,-8.0,-34.0
906,-8.0,-34.0
908,-8.0,-34.0
914,-8.0,-34.0
921,-8.0,-34.0
927,-8.0,-34.0
932,-8.0,-34.0
934,-8.0,-34.0
940,-8.0,-34.0
947,-8.0,-34.0
952,-8.0,-34.0
957,-8.0,-34.0
958,-8.0,-34.0
960,-8.0,-34.0
964,-8.0,-34.0
965,-8.0,-34.0
967,-8.0,-34.0
970,-8.0,-34.0
971,-8.0,-34.0
982,-8.0,-34.0
994,-8.0,-34.0
996,-8.0,-34.0
997,-8.0,-34.0
1002,-8.0,-34.0
1005,-8.0,-34.0
1009,-8.0,-34.0
1010,-8.0,-34.0
1017,-8.0,-34.0
1018,-8.0,-34.0
1020,-8.0,-34.0
1022,-8.0,-34.0
1025,-8.0,-34.0
1027,-8.0,-34.0
1034,-8.0,-34.0
1038,-8.0,-34.0
1042,-8.0,-34.0
1044,-8.0,-34.0
1046,-8.0,-34.0
1052,-8.0,-34.0
1053,-8.0,-34.0
1055,-8.0,-34.0
1056,-8.0,-34.0
1057,-8.0,-34.0
1061,-8.0,-34.0
1068,-8.0,-34.0
1071,-8.0,-34.0
1074,-8.0,-34.0
1075,-8.0,-34.0
1076,-8.0,-34.0
1078,-8.0,-34.0
1084,-8.0,-34.0
1087,-8.0,-34.0
1090,-8.0,-34.0
1095,-8.0,-34.0
1101,-8.0,-34.0
1103,-8.0,-34.0
1107,-8.0,-34.0
1108,-8.0,-34.0
1111,-8.0,-34.0
1112,-8.0,-34.0
1115,-8.0,-34.0
1123,-8.0,-34.0
1126,-8.0,-34.0
1127,-8.0,-34.0
1139,-8.0,-34.0
1142,-8.0,-34.0
1144,-8.0,-34.0
1145,-8.0,-34.0
1147,-8.0,-34.0
1149,-8.0,-34.0
1152,-8.0,-34.0
1153,-8.0,-34.0
1155,-8.0,-34.0
1156,-8.0,-34.0
1157,-8.0,-34.0
1162,-8.0,-34.0
1163,-8.0,-34.0
1166,-8.0,-34.0
1168,-8.0,-34.0
1172,-8.0,-34.0
1175,-8.0,-34.0
1176,-8.0,-34.0
1180,-8.0,-34.0
1183,-8.0,-34.0
1188,-8.0,-34.0
1193,-8.0,-34.0
1194,-8.0,-34.0
1195,-8.0,-34.0
1197,-8.0,-34.0
1199,-8.0,-34.0
1201,-8.0,-34.0
1204,-8.0,-34.0
1210,-8.0,-34.0
1217,-8.0,-34.0
1219,-8.0,-34.0
1220,-8.0,-34.0
1222,-8.0,-34.0
1224,-8.0,-34.0
1226,-8.0,-34.0
1233,-8.0,-34.0
1244,-8.0,-34.0
1245,-8.0,-34.0
1247,-8.0,-34.0
1250,-8.0,-34.0
1253,-8.0,-34.0
1254,-8.0,-34.0
1261,-8.0,-34.0
1263,-8.0,-34.0
1277,-8.0,-34.0
1278,-8.0,-34.0
1281,-8.0,-34.0
1282,-8.0,-34.0
1285,-8.0,-34.0
1287,-8.0,-34.0
1295,-8.0,-34.0
1297,-8.0,-34.0
1298,-8.0,-34.0
1310,-8.0,-34.0
1313,-8.0,-34.0
1314,-8.0,-34.0
1315,-8.0,-34.0
1318,-8.0,-34.0
1320,-8.0,-34.0
1322,-8.0,-34.0
1323,-8.0,-34.0
1328,-8.0,-34.0
1329,-8.0,-34.0
1330,-8.0,-34.0
1334,-8.0,-34.0
1339,-8.0,-34.0
1345,-8.0,-34.0
1346,-8.0,-34.0
1349,-8.0,-34.0
1354,-8.0,-34.0
1355,-8.0,-34.0
1359,-8.0,-34.0
1360,-8.0,-34.0
1369,-8.0,-34.0
1372,-8.0,-34.0
1373,-8.0,-34.0
1374,-8.0,-34.0
1379,-8.0,-34.0
1383,-8.0,-34.0
1385,-8.0,-34.0
1393,-8.0,-34.0
1396,-8.0,-34.0
1400,-8.0,-34.0
1402,-8.0,-34.0
1405,-8.0,-34.0
1406,-8.0,-34.0
1413,-8.0,-34.0
1414,-8.0,-34.0
1416,-8.0,-34.0
1417,-8.0,-34.0
1418,-8.0,-34.0
1420,-8.0,-34.0
1421,-8.0,-34.0
1426,-8.0,-34.0
1427,-8.0,-34.0
1429,-8.0,-34.0
1430,-8.0,-34.0
1432,-8.0,-34.0
1437,-8.0,-34.0
1438,-8.0,-34.0
1443,-8.0,-34.0
1446,-8.0,-34.0
1452,-8.0,-34.0
1453,-8.0,-34.0
1456,-8.0,-34.0
1458,-8.0,-34.0
1465,-8.0,-34.0
1467,-8.0,-34.0
1468,-8.0,-34.0
1470,-8.0,-34.0
1472,-8.0,-34.0
1477,-8.0,-34.0
1479,-8.0,-34.0
1480,-8.0,-34.0
1482,-8.0,-34.0
1483,-8.0,-34.0
1488,-8.0,-34.0
1491,-8.0,-34.0
1496,-8.0,-34.0
1501,-8.0,-34.0
1502,-8.0,-34.0
1509,-8.0,-34.0
1512,-8.0,-34.0
1513,-8.0,-34.0
1516,-8.0,-34.0
1527,-8.0,-34.0
1530,-8.0,-34.0
1532,-8.0,-34.0
1533,-8.0,-34.0
1535,-8.0,-34.0
1536,-8.0,-34.0
1543,-8.0,-34.0
1544,-8.0,-34.0
1545,-8.0,-34.0
1550,-8.0,-34.0
1557,-8.0,-34.0
1558,-8.0,-34.0
1559,-8.0,-34.0
1561,-8.0,-34.0
1562,-8.0,-34.0
1568,-8.0,-34.0
1569,-8.0,-34.0
1570,-8.0,-34.0
1575,-8.0,-34.0
1576,-8.0,-34.0
1578,-8.0,-34.0
1586,-8.0,-34.0
1593,-8.0,-34.0
1595,-8.0,-34.0
1597,-8.0,-34.0
1598,-8.0,-34.0
1599,-8.0,-34.0
1603,-8.0,-34.0
1606,-8.0,-34.0
1608,-8.0,-34.0
1614,-8.0,-34.0
1615,-8.0,-34.0
1616,-8.0,-34.0
1617,-8.0,-34.0
1618,-8.0,-34.0
1623,-8.0,-34.0
1626,-8.0,-34.0
1631,-8.0,-34.0
1642,-8.0,-34.0
1643,-8.0,-34.0
1649,-8.0,-34.0
1650,-8.0,-34.0
1656,-8.0,-34.0
1659,-8.0,-34.0
1662,-8.0,-34.0
1665,-8.0,-34.0
1670,-8.0,-34.0
1671,-8.0,-34.0
1672,-8.0,-34.0
1680,-8.0,-34.0
1683,-8.0,-34.0
1684,-8.0,-34.0
1688,-8.0,-34.0
1691,-8.0,-34.0
1699,-8.0,-34.0
1701,-8.0,-34.0
1713,-8.0,-34.0
1718,-8.0,-34.0
1720,-8.0,-34.0
1721,-8.0,-34.0
1726,-8.0,-34.0
1728,-8.0,-34.0
1729,-8.0,-34.0
1730,-8.0,-34.0
1731,-8.0,-34.0
1732,-8.0,-34.0
1737,-8.0,-34.0
1738,-8.0,-34.0
1739,-8.0,-34.0
1740,-8.0,-34.0
1741,-8.0,-34.0
1743,-8.0,-34.0
1744,-8.0,-34.0
1745,-8.0,-34.0
1746,-8.0,-34.0
1747,-8.0,-34.0
1758,-8.0,-34.0
1760,-8.0,-34.0
1765,-8.0,-34.0
1768,-8.0,-34.0
1770,-8.0,-34.0
1775,-8.0,-34.0
1777,-8.0,-34.0
1780,-8.0,-34.0
1783,-8.0,-34.0
1785,-8.0,-34.0
1790,-8.0,-34.0
1791,-8.0,-34.0
1793,-8.0,-34.0
1794,-8.0,-34.0
1803,-8.0,-34.0
1805,-8.0,-34.0
1807,-8.0,-34.0
1817,-8.0,-34.0
1825,-8.0,-34.0
1832,-8.0,-34.0
1833,-8.0,-34.0
1835,-8.0,-34.0
1839,-8.0,-34.0
1840,-8.0,-34.0
1844,-8.0,-34.0
1851,-8.0,-34.0
1860,-8.0,-34.0
1862,-8.0,-34.0
1864,-8.0,-34.0
1877,-8.0,-34.0
1880,-8.0,-34.0
1888,-8.0,-34.0
1891,-8.0,-34.0
1897,-8.0,-34.0
1915,-8.0,-34.0
1918,-8.0,-34.0
1919,-8.0,-34.0
1921,-8.0,-34.0
1922,-8.0,-34.0
1928,-8.0,-34.0
1934,-8.0,-34.0
1937,-8.0,-34.0
1941,-8.0,-34.0
1945,-8.0,-34.0
1952,-8.0,-34.0
1954,-8.0,-34.0
1957,-8.0,-34.0
1962,-8.0,-34.0
1963,-8.0,-34.0
1965,-8.0,-34.0
1971,-8.0,-34.0
1978,-8.0,-34.0
1981,-8.0,-34.0
1982,-8.0,-34.0
1989,-8.0,-34.0
1992,-8.0,-34.0
1995,-8.0,-34.0
2002,-8.0,-34.0
2004,-8.0,-34.0
2006,-8.0,-34.0
2008,-8.0,-34.0
2012,-8.0,-34.0
2013,-8.0,-34.0
2018,-8.0,-34.0
2022,-8.0,-34.0
2025,-8.0,-34.0
2029,-8.0,-34.0
2034,-8.0,-34.0
2036,-8.0,-34.0
2045,-8.0,-34.0
2055,-8.0,-34.0
2057,-8.0,-34.0
2058,-8.0,-34.0
2063,-8.0,-34.0
2067,-8.0,-34.0
2072,-8.0,-34.0
2075,-8.0,-34.0
2083,-8.0,-34.0
2084,-8.0,-34.0
2087,-8.0,-34.0
2088,-8.0,-34.0
2089,-8.0,-34.0
2094,-8.0,-34.0
2098,-8.0,-34.0
2107,-8.0,-34.0
2108,-8.0,-34.0
2109,-8.0,-34.0
2110,-8.0,-34.0
2111,-8.0,-34.0
2114,-8.0,-34.0
2115,-8.0,-34.0
2121,-8.0,-34.0
2122,-8.0,-34.0
2124,-8.0,-34.0
2127,-8.0,-34.0
2128,-8.0,-34.0
2129,-8.0,-34.0
2131,-8.0,-34.0
2132,-8.0,-34.0
2133,-8.0,-34.0
2134,-8.0,-34.0
2138,-8.0,-34.0
2142,-8.0,-34.0
2145,-8.0,-34.0
2149,-8.0,-34.0
2150,-8.0,-34.0
2152,-8.0,-34.0
2154,-8.0,-34.0
2157,-8.0,-34.0
2164,-8.0,-34.0
2165,-8.0,-34.0
2166,-8.0,-34.0
2167,-8.0,-34.0
2168,-8.0,-34.0
2175,-8.0,-34.0
2177,-8.0,-34.0
2183,-8.0,-34.0
2189,-8.0,-34.0
2191,-8.0,-34.0
2199,-8.0,-34.0
2210,-8.0,-34.0
2213,-8.0,-34.0
2214,-8.0,-34.0
2215,-8.0,-34.0
2221,-8.0,-34.0
2223,-8.0,-34.0
2225,-8.0,-34.0
2227,-8.0,-34.0
2228,-8.0,-34.0
2231,-8.0,-34.0
2232,-8.0,-34.0
2233,-8.0,-34.0
2234,-8.0,-34.0
2239,-8.0,-34.0
2245,-8.0,-34.0
2246,-8.0,-34.0
2248,-8.0,-34.0
2249,-8.0,-34.0
2251,-8.0,-34.0
2252,-8.0,-34.0
2254,-8.0,-34.0
2260,-8.0,-34.0
2268,-8.0,-34.0
2270,-8.0,-34.0
2272,-8.0,-34.0
2273,-8.0,-34.0
2275,-8.0,-34.0
2276,-8.0,-34.0
2286,-8.0,-34.0
2287,-8.0,-34.0
2288,-8.0,-34.0
2291,-8.0,-34.0
2299,-8.0,-34.0
2301,-8.0,-34.0
2302,-8.0,-34.0
2303,-8.0,-34.0
2304,-8.0,-34.0
2310,-8.0,-34.0
2312,-8.0,-34.0
2316,-8.0,-34.0
2319,-8.0,-34.0
2321,-8.0,-34.0
2328,-8.0,-34.0
2335,-8.0,-34.0
2337,-8.0,-34.0
2344,-8.0,-34.0
2348,-8.0,-34.0
2351,-8.0,-34.0
2354,-8.0,-34.0
2358,-8.0,-34.0
2362,-8.0,-34.0
2373,-8.0,-34.0
2375,-8.0,-34.0
2377,-8.0,-34.0
2388,-8.0,-34.0
2389,-8.0,-34.0
2392,-8.0,-34.0
2399,-8.0,-34.0
2404,-8.0,-34.0
2407,-8.0,-34.0
2412,-8.0,-34.0
2413,-8.0,-34.0
2417,-8.0,-34.0
2420,-8.0,-34.0
2423,-8.0,-34.0
2436,-8.0,-34.0
2439,-8.0,-34.0
2441,-8.0,-34.0
2446,-8.0,-34.0
2447,-8.0,-34.0
2453,-8.0,-34.0
2455,-8.0,-34.0
2456,-8.0,-34.0
2458,-8.0,-34.0
2464,-8.0,-34.0
2465,-8.0,-34.0
2470,-8.0,-34.0
2471,-8.0,-34.0
2473,-8.0,-34.0
2478,-8.0,-34.0
2483,-8.0,-34.0
2484,-8.0,-34.0
2485,-8.0,-34.0
2492,-8.0,-34.0
2498,-8.0,-34.0
2510,-8.0,-34.0
2513,-8.0,-34.0
2515,-8.0,-34.0
2516,-8.0,-34.0
2517,-8.0,-34.0
2519,-8.0,-34.0
2522,-8.0,-34.0
2523,-8.0,-34.0
2526,-8.0,-34.0
2531,-8.0,-34.0
2533,-8.0,-34.0
2534,-8.0,-34.0
2540,-8.0,-34.0
2542,-8.0,-34.0
2543,-8.0,-34.0
2554,-8.0,-34.0
2569,-8.0,-34.0
2571,-8.0,-34.0
2574,-8.0,-34.0
2576,-8.0,-34.0
2586,-8.0,-34.0
2588,-8.0,-34.0
2592,-8.0,-34.0
2602,-8.0,-34.0
2603,-8.0,-34.0
2605,-8.0,-34.0
2609,-8.0,-34.0
2611,-8.0,-34.0
2614,-8.0,-34.0
2615,-8.0,-34.0
2619,-8.0,-34.0
2620,-8.0,-34.0
2627,-8.0,-34.0
2628,-8.0,-34.0
2638,-8.0,-34.0
2648,-8.0,-34.0
2650,-8.0,-34.0
2651,-8.0,-34.0
2663,-8.0,-34.0
2664,-8.0,-34.0
2673,-8.0,-34.0
2678,-8.0,-34.0
2680,-8.0,-34.0
2682,-8.0,-34.0
2683,-8.0,-34.0
2684,-8.0,-34.0
2685,-8.0,-34.0
2688,-8.0,-34.0
2689,-8.0,-34.0
2691,-8.0,-34.0
2692,-8.0,-34.0
2697,-8.0,-34.0
2698,-8.0,-34.0
2701,-8.0,-34.0
2707,-8.0,-34.0
2715,-8.0,-34.0
2718,-8.0,-34.0
2724,-8.0,-34.0
2726,-8.0,-34.0
2729,-8.0,-34.0
2737,-8.0,-34.0
2742,-8.0,-34.0
2748,-8.0,-34.0
2750,-8.0,-34.0
2751,-8.0,-34.0
2753,-8.0,-34.0
2754,-8.0,-34.0
2755,-8.0,-34.0
2758,-8.0,-34.0
2759,-8.0,-34.0
2760,-8.0,-34.0
2762,-8.0,-34.0
2766,-8.0,-34.0
2769,-8.0,-34.0
2770,-8.0,-34.0
2771,-8.0,-34.0
2777,-8.0,-34.0
2794,-8.0,-34.0
2802,-8.0,-34.0
2807,-8.0,-34.0
2816,-8.0,-34.0
2818,-8.0,-34.0
2820,-8.0,-34.0
2825,-8.0,-34.0
2826,-8.0,-34.0
2833,-8.0,-34.0
2835,-8.0,-34.0
2840,-8.0,-34.0
2846,-8.0,-34.0
2848,-8.0,-34.0
2855,-8.0,-34.0
2858,-8.0,-34.0
2859,-8.0,-34.0
2862,-8.0,-34.0
2864,-8.0,-34.0
2865,-8.0,-34.0
2867,-8.0,-34.0
2868,-8.0,-34.0
2870,-8.0,-34.0
2874,-8.0,-34.0
2876,-8.0,-34.0
2880,-8.0,-34.0
2882,-8.0,-34.0
2883,-8.0,-34.0
2884,-8.0,-34.0
2885,-8.0,-34.0
2886,-8.0,-34.0
2894,-8.0,-34.0
2903,-8.0,-34.0
2905,-8.0,-34.0
2906,-8.0,-34.0
2907,-8.0,-34.0
2908,-8.0,-34.0
2910,-8.0,-34.0
2913,-8.0,-34.0
2922,-8.0,-34.0
2926,-8.0,-34.0
2927,-8.0,-34.0
2930,-8.0,-34.0
2932,-8.0,-34.0
2935,-8.0,-34.0
2943,-8.0,-34.0
2945,-8.0,-34.0
2948,-8.0,-34.0
2954,-8.0,-34.0
2955,-8.0,-34.0
2956,-8.0,-34.0
2957,-8.0,-34.0
2960,-8.0,-34.0
2963,-8.0,-34.0
2968,-8.0,-34.0
2970,-8.0,-34.0
2973,-8.0,-34.0
2982,-8.0,-34.0
2991,-8.0,-34.0
2995,-8.0,-34.0
2997,-8.0,-34.0
3000,-8.0,-34.0
3001,-8.0,-34.0
3002,-8.0,-34.0
3006,-8.0,-34.0
3007,-8.0,-34.0
3011,-8.0,-34.0
3014,-8.0,-34.0
3016,-8.0,-34.0
3017,-8.0,-34.0
3018,-8.0,-34.0
3019,-8.0,-34.0
3021,-8.0,-34.0
3023,-8.0,-34.0
3024,-8.0,-34.0
3025,-8.0,-34.0
3026,-8.0,-34.0
3027,-8.0,-34.0
3031,-8.0,-34.0
3032,-8.0,-34.0
3033,-8.0,-34.0
3035,-8.0,-34.0
3037,-8.0,-34.0
3038,-8.0,-34.0
3043,-8.0,-34.0
3044,-8.0,-34.0
3045,-8.0,-34.0
3047,-8.0,-34.0
3050,-8.0,-34.0
3053,-8.0,-34.0
3055,-8.0,-34.0
3057,-8.0,-34.0
3058,-8.0,-34.0
3059,-8.0,-34.0
3060,-8.0,-34.0
3063,-8.0,-34.0
3064,-8.0,-34.0
3065,-8.0,-34.0
3070,-8.0,-34.0
3071,-8.0,-34.0
3077,-8.0,-34.0
3078,-8.0,-34.0
3079,-8.0,-34.0
3080,-8.0,-34.0
3082,-8.0,-34.0
3085,-8.0,-34.0
3090,-8.0,-34.0
3091,-8.0,-34.0
3094,-8.0,-34.0
3095,-8.0,-34.0
3100,-8.0,-34.0
3101,-8.0,-34.0
3105,-8.0,-34.0
3107,-8.0,-34.0
3111,-8.0,-34.0
3114,-8.0,-34.0
3118,-8.0,-34.0
3122,-8.0,-34.0
3123,-8.0,-34.0
3125,-8.0,-34.0
3127,-8.0,-34.0
3128,-8.0,-34.0
3130,-8.0,-34.0
3131,-8.0,-34.0
3133,-8.0,-34.0
3142,-8.0,-34.0
3143,-8.0,-34.0
3145,-8.0,-34.0
3146,-8.0,-34.0
3149,-8.0,-34.0
3151,-8.0,-34.0
3153,-8.0,-34.0
3154,-8.0,-34.0
3165,-8.0,-34.0
3172,-8.0,-34.0
3181,-8.0,-34.0
3184,-8.0,-34.0
3185,-8.0,-34.0
3187,-8.0,-34.0
3194,-8.0,-34.0
3202,-8.0,-34.0
3204,-8.0,-34.0
3205,-8.0,-34.0
3206,-8.0,-34.0
3207,-8.0,-34.0
3208,-8.0,-34.0
3209,-8.0,-34.0
3210,-8.0,-34.0
3231,-8.0,-34.0
3233,-8.0,-34.0
3238,-8.0,-34.0
3244,-8.0,-34.0
3245,-8.0,-34.0
3251,-8.0,-34.0
3257,-8.0,-34.0
3263,-8.0,-34.0
3265,-8.0,-34.0
3269,-8.0,-34.0
3279,-8.0,-34.0
3281,-8.0,-34.0
3282,-8.0,-34.0
3283,-8.0,-34.0
3284,-8.0,-34.0
3290,-8.0,-34.0
3295,-8.0,-34.0
3297,-8.0,-34.0
3298,-8.0,-34.0
3299,-8.0,-34.0
3305,-8.0,-34.0
3307,-8.0,-34.0
3309,-8.0,-34.0
3312,-8.0,-34.0
3314,-8.0,-34.0
3316,-8.0,-34.0
3319,-8.0,-34.0
3320,-8.0,-34.0
3325,-8.0,-34.0
3328,-8.0,-34.0
3329,-8.0,-34.0
3333,-8.0,-34.0
3334,-8.0,-34.0
3337,-8.0,-34.0
3344,-8.0,-34.0
3350,-8.0,-34.0
3353,-8.0,-34.0
3355,-8.0,-34.0
3375,-8.0,-34.0
3378,-8.0,-34.0
3379,-8.0,-34.0
3381,-8.0,-34.0
3383,-8.0,-34.0
3387,-8.0,-34.0
3392,-8.0,-34.0
3393,-8.0,-34.0
3396,-8.0,-34.0
3400,-8.0,-34.0
3401,-8.0,-34.0
3405,-8.0,-34.0
3410,-8.0,-34.0
3412,-8.0,-34.0
3413,-8.0,-34.0
3418,-8.0,-34.0
3422,-8.0,-34.0
3424,-8.0,-34.0
3428,-8.0,-34.0
3433,-8.0,-34.0
3434,-8.0,-34.0
3437,-8.0,-34.0
3438,-8.0,-34.0
3443,-8.0,-34.0
3448,-8.0,-34.0
3455,-8.0,-34.0
3457,-8.0,-34.0
3458,-8.0,-34.0
3459,-8.0,-34.0
3460,-8.0,-34.0
3463,-8.0,-34.0
3464,-8.0,-34.0
3465,-8.0,-34.0
3467,-8.0,-34.0
3469,-8.0,-34.0
3470,-8.0,-34.0
3473,-8.0,-34.0
3481,-8.0,-34.0
3482,-8.0,-34.0
3495,-8.0,-34.0
3497,-8.0,-34.0
3501,-8.0,-34.0
3502,-8.0,-34.0
3509,-8.0,-34.0
3518,-8.0,-34.0
3526,-8.0,-34.0
3527,-8.0,-34.0
3528,-8.0,-34.0
3529,-8.0,-34.0
3532,-8.0,-34.0
3533,-8.0,-34.0
3534,-8.0,-34.0
3535,-8.0,-34.0
3538,-8.0,-34.0
3541,-8.0,-34.0
3542,-8.0,-34.0
3543,-8.0,-34.0
3548,-8.0,-34.0
3550,-8.0,-34.0
3555,-8.0,-34.0
3566,-8.0,-34.0
3570,-8.0,-34.0
3574,-8.0,-34.0
3577,-8.0,-34.0
3578,-8.0,-34.0
3582,-8.0,-34.0
3592,-8.0,-34.0
3593,-8.0,-34.0
3597,-8.0,-34.0
3601,-8.0,-34.0
3605,-8.0,-34.0
3608,-8.0,-34.0
3609,-8.0,-34.0
3614,-8.0,-34.0
3615,-8.0,-34.0
3617,-8.0,-34.0
3621,-8.0,-34.0
3624,-8.0,-34.0
3625,-8.0,-34.0
3639,-8.0,-34.0
3643,-8.0,-34.0
3647,-8.0,-34.0
3649,-8.0,-34.0
3651,-8.0,-34.0
3653,-8.0,-34.0
3656,-8.0,-34.0
3661,-8.0,-34.0
3662,-8.0,-34.0
3666,-8.0,-34.0
3677,-8.0,-34.0
3685,-8.0,-34.0
3686,-8.0,-34.0
3688,-8.0,-34.0
3689,-8.0,-34.0
3692,-8.0,-34.0
3693,-8.0,-34.0
3698,-8.0,-34.0
3703,-8.0,-34.0
3704,-8.0,-34.0
3706,-8.0,-34.0
3707,-8.0,-34.0
3708,-8.0,-34.0
3710,-8.0,-34.0
3717,-8.0,-34.0
3720,-8.0,-34.0
3721,-8.0,-34.0
3723,-8.0,-34.0
3739,-8.0,-34.0
3742,-8.0,-34.0
3745,-8.0,-34.0
3746,-8.0,-34.0
3749,-8.0,-34.0
3753,-8.0,-34.0
3755,-8.0,-34.0
3767,-8.0,-34.0
3768,-8.0,-34.0
3771,-8.0,-34.0
3772,-8.0,-34.0
3773,-8.0,-34.0
3774,-8.0,-34.0
3776,-8.0,-34.0
3777,-8.0,-34.0
3780,-8.0,-34.0
3781,-8.0,-34.0
3782,-8.0,-34.0
3784,-8.0,-34.0
3787,-8.0,-34.0
3794,-8.0,-34.0
3799,-8.0,-34.0
3803,-8.0,-34.0
3817,-8.0,-34.0
3819,-8.0,-34.0
3820,-8.0,-34.0
3826,-8.0,-34.0
3827,-8.0,-34.0
3834,-8.0,-34.0
3837,-8.0,-34.0
3838,-8.0,-34.0
3842,-8.0,-34.0
3846,-8.0,-34.0
3852,-8.0,-34.0
3853,-8.0,-34.0
3855,-8.0,-34.0
3857,-8.0,-34.0
3859,-8.0,-34.0
3860,-8.0,-34.0
3862,-8.0,-34.0
3869,-8.0,-34.0
3880,-8.0,-34.0
3885,-8.0,-34.0
3887,-8.0,-34.0
3889,-8.0,-34.0
3891,-8.0,-34.0
3894,-8.0,-34.0
3898,-8.0,-34.0
3902,-8.0,-34.0
3903,-8.0,-34.0
3905,-8.0,-34.0
3909,-8.0,-34.0
3910,-8.0,-34.0
3914,-8.0,-34.0
3934,-8.0,-34.0
3937,-8.0,-34.0
3941,-8.0,-34.0
3942,-8.0,-34.0
3945,-8.0,-34.0
3946,-8.0,-34.0
3949,-8.0,-34.0
3956,-8.0,-34.0
3960,-8.0,-34.0
3963,-8.0,-34.0
3964,-8.0,-34.0
3971,-8.0,-34.0
3973,-8.0,-34.0
3979,-8.0,-34.0
3984,-8.0,-34.0
3989,-8.0,-34.0
3992,-8.0,-34.0
3994,-8.0,-34.0
3995,-8.0,-34.0
3997,-8.0,-34.0
3999,-8.0,-34.0
4001,-8.0,-34.0
4002,-8.0,-34.0
4003,-8.0,-34.0
4004,-8.0,-34.0
4007,-8.0,-34.0
4010,-8.0,-34.0
4012,-8.0,-34.0
4022,-8.0,-34.0
4028,-8.0,-34.0
4029,-8.0,-34.0
4030,-8.0,-34.0
4032,-8.0,-34.0
4035,-8.0,-34.0
4038,-8.0,-34.0
4043,-8.0,-34.0
4046,-8.0,-34.0
4047,-8.0,-34.0
4050,-8.0,-34.0
4056,-8.0,-34.0
4057,-8.0,-34.0
4058,-8.0,-34.0
4060,-8.0,-34.0
4062,-8.0,-34.0
4064,-8.0,-34.0
4067,-8.0,-34.0
4075,-8.0,-34.0
4076,-8.0,-34.0
4077,-8.0,-34.0
4078,-8.0,-34.0
4080,-8.0,-34.0
4085,-8.0,-34.0
4087,-8.0,-34.0
4091,-8.0,-34.0
4092,-8.0,-34.0
4099,-8.0,-34.0
4100,-8.0,-34.0
4102,-8.0,-34.0
4103,-8.0,-34.0
4110,-8.0,-34.0
4112,-8.0,-34.0
4113,-8.0,-34.0
4115,-8.0,-34.0
4119,-8.0,-34.0
4121,-8.0,-34.0
4127,-8.0,-34.0
4129,-8.0,-34.0
4140,-8.0,-34.0
4141,-8.0,-34.0
4148,-8.0,-34.0
4151,-8.0,-34.0
4156,-8.0,-34.0
4157,-8.0,-34.0
4161,-8.0,-34.0
4162,-8.0,-34.0
4165,-8.0,-34.0
4169,-8.0,-34.0
4176,-8.0,-34.0
4185,-8.0,-34.0
4189,-8.0,-34.0
4190,-8.0,-34.0
4191,-8.0,-34.0
4192,-8.0,-34.0
4194,-8.0,-34.0
4196,-8.0,-34.0
4201,-8.0,-34.0
4202,-8.0,-34.0
4205,-8.0,-34.0
4209,-8.0,-34.0
4215,-8.0,-34.0
4217,-8.0,-34.0
4220,-8.0,-34.0
4222,-8.0,-34.0
4226,-8.0,-34.0
4229,-8.0,-34.0
4230,-8.0,-34.0
4233,-8.0,-34.0
4237,-8.0,-34.0
4238,-8.0,-34.0
4239,-8.0,-34.0
4245,-8.0,-34.0
4246,-8.0,-34.0
4248,-8.0,-34.0
4250,-8.0,-34.0
4252,-8.0,-34.0
4254,-8.0,-34.0
4264,-8.0,-34.0
4267,-8.0,-34.0
4273,-8.0,-34.0
4275,-8.0,-34.0
4279,-8.0,-34.0
4284,-8.0,-34.0
4288,-8.0,-34.0
4295,-8.0,-34.0
4296,-8.0,-34.0
4301,-8.0,-34.0
4303,-8.0,-34.0
4304,-8.0,-34.0
4306,-8.0,-34.0
4313,-8.0,-34.0
4317,-8.0,-34.0
4319,-8.0,-34.0
4321,-8.0,-34.0
4323,-8.0,-34.0
4326,-8.0,-34.0
4329,-8.0,-34.0
4333,-8.0,-34.0
4335,-8.0,-34.0
4336,-8.0,-34.0
4337,-8.0,-34.0
4338,-8.0,-34.0
4339,-8.0,-34.0
4341,-8.0,-34.0
4342,-8.0,-34.0
4343,-8.0,-34.0
4345,-8.0,-34.0
4348,-8.0,-34.0
4352,-8.0,-34.0
4353,-8.0,-34.0
4355,-8.0,-34.0
4359,-8.0,-34.0
4362,-8.0,-34.0
4366,-8.0,-34.0
4367,-8.0,-34.0
4368,-8.0,-34.0
4371,-8.0,-34.0
4372,-8.0,-34.0
4374,-8.0,-34.0
4377,-8.0,-34.0
4382,-8.0,-34.0
4385,-8.0,-34.0
4386,-8.0,-34.0
4387,-8.0,-34.0
4392,-8.0,-34.0
4393,-8.0,-34.0
4394,-8.0,-34.0
4397,-8.0,-34.0
4401,-8.0,-34.0
4407,-8.0,-34.0
4411,-8.0,-34.0
4412,-8.0,-34.0
4414,-8.0,-34.0
4415,-8.0,-34.0
4420,-8.0,-34.0
4423,-8.0,-34.0
4427,-8.0,-34.0
4428,-8.0,-34.0
4429,-8.0,-34.0
4436,-8.0,-34.0
4441,-8.0,-34.0
4447,-8.0,-34.0
4450,-8.0,-34.0
4463,-8.0,-34.0
4464,-8.0,-34.0
4466,-8.0,-34.0
4467,-8.0,-34.0
4469,-8.0,-34.0
4472,-8.0,-34.0
4474,-8.0,-34.0
4475,-8.0,-34.0
4483,-8.0,-34.0
4484,-8.0,-34.0
4489,-8.0,-34.0
4503,-8.0,-34.0
4504,-8.0,-34.0
4509,-8.0,-34.0
4513,-8.0,-34.0
4514,-8.0,-34.0
4518,-8.0,-34.0
4522,-8.0,-34.0
4525,-8.0,-34.0
4527,-8.0,-34.0
4528,-8.0,-34.0
4532,-8.0,-34.0
4533,-8.0,-34.0
4534,-8.0,-34.0
4535,-8.0,-34.0
4537,-8.0,-34.0
4539,-8.0,-34.0
4541,-8.0,-34.0
4549,-8.0,-34.0
4553,-8.0,-34.0
4554,-8.0,-34.0
4556,-8.0,-34.0
4560,-8.0,-34.0
4567,-8.0,-34.0
4572,-8.0,-34.0
4574,-8.0,-34.0
4575,-8.0,-34.0
4580,-8.0,-34.0
4582,-8.0,-34.0
4584,-8.0,-34.0
4586,-8.0,-34.0
4587,-8.0,-34.0
4588,-8.0,-34.0
4593,-8.0,-34.0
4597,-8.0,-34.0
4602,-8.0,-34.0
4604,-8.0,-34.0
4606,-8.0,-34.0
4608,-8.0,-34.0
4609,-8.0,-34.0
4610,-8.0,-34.0
4613,-8.0,-34.0
4617,-8.0,-34.0
4618,-8.0,-34.0
4622,-8.0,-34.0
4623,-8.0,-34.0
4626,-8.0,-34.0
4629,-8.0,-34.0
4630,-8.0,-34.0
4634,-8.0,-34.0
4635,-8.0,-34.0
4638,-8.0,-34.0
4639,-8.0,-34.0
4640,-8.0,-34.0
4645,-8.0,-34.0
4649,-8.0,-34.0
4651,-8.0,-34.0
4657,-8.0,-34.0
4671,-8.0,-34.0
4680,-8.0,-34.0
4681,-8.0,-34.0
4682,-8.0,-34.0
4693,-8.0,-34.0
4695,-8.0,-34.0
4696,-8.0,-34.0
4700,-8.0,-34.0
4701,-8.0,-34.0
4704,-8.0,-34.0
4706,-8.0,-34.0
4707,-8.0,-34.0
4708,-8.0,-34.0
4709,-8.0,-34.0
4710,-8.0,-34.0
4715,-8.0,-34.0
4730,-8.0,-34.0
4731,-8.0,-34.0
4734,-8.0,-34.0
4738,-8.0,-34.0
4740,-8.0,-34.0
4747,-8.0,-34.0
4750,-8.0,-34.0
4751,-8.0,-34.0
4755,-8.0,-34.0
4756,-8.0,-34.0
4759,-8.0,-34.0
4765,-8.0,-34.0
4766,-8.0,-34.0
4770,-8.0,-34.0
4773,-8.0,-34.0
4775,-8.0,-34.0
4779,-8.0,-34.0
4782,-8.0,-34.0
4786,-8.0,-34.0
4793,-8.0,-34.0
4794,-8.0,-34.0
4797,-8.0,-34.0
4801,-8.0,-34.0
4802,-8.0,-34.0
4803,-8.0,-34.0
4807,-8.0,-34.0
4812,-8.0,-34.0
4813,-8.0,-34.0
4816,-8.0,-34.0
4822,-8.0,-34.0
4826,-8.0,-34.0
4827,-8.0,-34.0
4828,-8.0,-34.0
4830,-8.0,-34.0
4833,-8.0,-34.0
4834,-8.0,-34.0
4836,-8.0,-34.0
4838,-8.0,-34.0
4842,-8.0,-34.0
4843,-8.0,-34.0
4844,-8.0,-34.0
4845,-8.0,-34.0
4848,-8.0,-34.0
4861,-8.0,-34.0
4864,-8.0,-34.0
4867,-8.0,-34.0
4868,-8.0,-34.0
4872,-8.0,-34.0
4880,-8.0,-34.0
4881,-8.0,-34.0
4890,-8.0,-34.0
4894,-8.0,-34.0
4898,-8.0,-34.0
4899,-8.0,-34.0
4900,-8.0,-34.0
4901,-8.0,-34.0
4902,-8.0,-34.0
4905,-8.0,-34.0
4907,-8.0,-34.0
4908,-8.0,-34.0
4913,-8.0,-34.0
4914,-8.0,-34.0
4921,-8.0,-34.0
4923,-8.0,-34.0
4924,-8.0,-34.0
4925,-8.0,-34.0
4929,-8.0,-34.0
4932,-8.0,-34.0
4934,-8.0,-34.0
4949,-8.0,-34.0
4950,-8.0,-34.0
4952,-8.0,-34.0
4961,-8.0,-34.0
4963,-8.0,-34.0
4977,-8.0,-34.0
4981,-8.0,-34.0
4982,-8.0,-34.0
4983,-8.0,-34.0
4988,-8.0,-34.0
4989,-8.0,-34.0
4993,-8.0,-34.0
4995,-8.0,-34.0
4996,-8.0,-34.0
5011,-8.0,-34.0
5012,-8.0,-34.0
5013,-8.0,-34.0
5015,-8.0,-34.0
5019,-8.0,-34.0
5021,-8.0,-34.0
5022,-8.0,-34.0
5023,-8.0,-34.0
5026,-8.0,-34.0
5027,-8.0,-34.0
5028,-8.0,-34.0
5030,-8.0,-34.0
5032,-8.0,-34.0
5033,-8.0,-34.0
5034,-8.0,-34.0
5035,-8.0,-34.0
5040,-8.0,-34.0
5048,-8.0,-34.0
5053,-8.0,-34.0
5058,-8.0,-34.0
5060,-8.0,-34.0
5064,-8.0,-34.0
5065,-8.0,-34.0
5067,-8.0,-34.0
5071,-8.0,-34.0
5074,-8.0,-34.0
5076,-8.0,-34.0
5082,-8.0,-34.0
5092,-8.0,-34.0
5095,-8.0,-34.0
5096,-8.0,-34.0
5098,-8.0,-34.0
5111,-8.0,-34.0
5112,-8.0,-34.0
5114,-8.0,-34.0
5120,-8.0,-34.0
5135,-8.0,-34.0
5137,-8.0,-34.0
5140,-8.0,-34.0
5143,-8.0,-34.0
5144,-8.0,-34.0
5145,-8.0,-34.0
5146,-8.0,-34.0
5152,-8.0,-34.0
5155,-8.0,-34.0
5156,-8.0,-34.0
5157,-8.0,-34.0
5162,-8.0,-34.0
5164,-8.0,-34.0
5167,-8.0,-34.0
5171,-8.0,-34.0
5180,-8.0,-34.0
5183,-8.0,-34.0
5186,-8.0,-34.0
5192,-8.0,-34.0
5193,-8.0,-34.0
5197,-8.0,-34.0
5205,-8.0,-34.0
5206,-8.0,-34.0
5211,-8.0,-34.0
5213,-8.0,-34.0
5214,-8.0,-34.0
5215,-8.0,-34.0
5216,-8.0,-34.0
5217,-8.0,-34.0
5221,-8.0,-34.0
5224,-8.0,-34.0
5226,-8.0,-34.0
5228,-8.0,-34.0
5229,-8.0,-34.0
5234,-8.0,-34.0
5244,-8.0,-34.0
5245,-8.0,-34.0
5246,-8.0,-34.0
5247,-8.0,-34.0
5254,-8.0,-34.0
5257,-8.0,-34.0
5262,-8.0,-34.0
5264,-8.0,-34.0
5266,-8.0,-34.0
5271,-8.0,-34.0
5274,-8.0,-34.0
5277,-8.0,-34.0
5278,-8.0,-34.0
5281,-8.0,-34.0
5282,-8.0,-34.0
5283,-8.0,-34.0
5284,-8.0,-34.0
5288,-8.0,-34.0
5289,-8.0,-34.0
5290,-8.0,-34.0
5292,-8.0,-34.0
5296,-8.0,-34.0
5300,-8.0,-34.0
5303,-8.0,-34.0
5306,-8.0,-34.0
5307,-8.0,-34.0
5308,-8.0,-34.0
5312,-8.0,-34.0
5314,-8.0,-34.0
5318,-8.0,-34.0
5321,-8.0,-34.0
5323,-8.0,-34.0
5324,-8.0,-34.0
5328,-8.0,-34.0
5336,-8.0,-34.0
5338,-8.0,-34.0
5339,-8.0,-34.0
5340,-8.0,-34.0
5349,-8.0,-34.0
5350,-8.0,-34.0
5353,-8.0,-34.0
5354,-8.0,-34.0
5357,-8.0,-34.0
5358,-8.0,-34.0
5360,-8.0,-34.0
5361,-8.0,-34.0
5362,-8.0,-34.0
5364,-8.0,-34.0
5365,-8.0,-34.0
5368,-8.0,-34.0
5371,-8.0,-34.0
5375,-8.0,-34.0
5377,-8.0,-34.0
5378,-8.0,-34.0
5379,-8.0,-34.0
5381,-8.0,-34.0
5384,-8.0,-34.0
5386,-8.0,-34.0
5388,-8.0,-34.0
5389,-8.0,-34.0
5391,-8.0,-34.0
5396,-8.0,-34.0
5399,-8.0,-34.0
5400,-8.0,-34.0
5402,-8.0,-34.0
5404,-8.0,-34.0
5405,-8.0,-34.0
5407,-8.0,-34.0
5414,-8.0,-34.0
5417,-8.0,-34.0
5418,-8.0,-34.0
5419,-8.0,-34.0
5425,-8.0,-34.0
5426,-8.0,-34.0
5427,-8.0,-34.0
5430,-8.0,-34.0
5431,-8.0,-34.0
5434,-8.0,-34.0
5436,-8.0,-34.0
5437,-8.0,-34.0
5447,-8.0,-34.0
5457,-8.0,-34.0
5458,-8.0,-34.0
5459,-8.0,-34.0
5460,-8.0,-34.0
5464,-8.0,-34.0
5465,-8.0,-34.0
5471,-8.0,-34.0
5473,-8.0,-34.0
5478,-8.0,-34.0
5479,-8.0,-34.0
5484,-8.0,-34.0
5487,-8.0,-34.0
5489,-8.0,-34.0
5492,-8.0,-34.0
5493,-8.0,-34.0
5496,-8.0,-34.0
5500,-8.0,-34.0
5502,-8.0,-34.0
5506,-8.0,-34.0
5508,-8.0,-34.0
5529,-8.0,-34.0
5531,-8.0,-34.0
5537,-8.0,-34.0
5538,-8.0,-34.0
5544,-8.0,-34.0
5547,-8.0,-34.0
5551,-8.0,-34.0
5556,-8.0,-34.0
5558,-8.0,-34.0
5559,-8.0,-34.0
5564,-8.0,-34.0
5566,-8.0,-34.0
5573,-8.0,-34.0
5576,-8.0,-34.0
5579,-8.0,-34.0
5580,-8.0,-34.0
5581,-8.0,-34.0
5583,-8.0,-34.0
5587,-8.0,-34.0
5609,-8.0,-34.0
5610,-8.0,-34.0
5612,-8.0,-34.0
5613,-8.0,-34.0
5614,-8.0,-34.0
5615,-8.0,-34.0
5616,-8.0,-34.0
5623,-8.0,-34.0
5628,-8.0,-34.0
5634,-8.0,-34.0
5635,-8.0,-34.0
5640,-8.0,-34.0
5641,-8.0,-34.0
5642,-8.0,-34.0
5646,-8.0,-34.0
5649,-8.0,-34.0
5651,-8.0,-34.0
5652,-8.0,-34.0
5662,-8.0,-34.0
5663,-8.0,-34.0
5664,-8.0,-34.0
5666,-8.0,-34.0
5676,-8.0,-34.0
5679,-8.0,-34.0
5694,-8.0,-34.0
5700,-8.0,-34.0
5708,-8.0,-34.0
5711,-8.0,-34.0
5714,-8.0,-34.0
5722,-8.0,-34.0
5727,-8.0,-34.0
5728,-8.0,-34.0
5730,-8.0,-34.0
5731,-8.0,-34.0
5733,-8.0,-34.0
5735,-8.0,-34.0
5736,-8.0,-34.0
5737,-8.0,-34.0
5739,-8.0,-34.0
5746,-8.0,-34.0
5754,-8.0,-34.0
5758,-8.0,-34.0
5763,-8.0,-34.0
5768,-8.0,-34.0
5769,-8.0,-34.0
5770,-8.0,-34.0
5780,-8.0,-34.0
5786,-8.0,-34.0
5787,-8.0,-34.0
5792,-8.0,-34.0
5794,-8.0,-34.0
5798,-8.0,-34.0
5807,-8.0,-34.0
5815,-8.0,-34.0
5816,-8.0,-34.0
5819,-8.0,-34.0
5821,-8.0,-34.0
5822,-8.0,-34.0
5828,-8.0,-34.0
5829,-8.0,-34.0
5830,-8.0,-34.0
5837,-8.0,-34.0
5838,-8.0,-34.0
5843,-8.0,-34.0
5847,-8.0,-34.0
5848,-8.0,-34.0
5852,-8.0,-34.0
5853,-8.0,-34.0
5856,-8.0,-34.0
5857,-8.0,-34.0
5858,-8.0,-34.0
5862,-8.0,-34.0
5863,-8.0,-34.0
5866,-8.0,-34.0
5868,-8.0,-34.0
5872,-8.0,-34.0
5873,-8.0,-34.0
5874,-8.0,-34.0
5876,-8.0,-34.0
5884,-8.0,-34.0
5885,-8.0,-34.0
5894,-8.0,-34.0
5898,-8.0,-34.0
5899,-8.0,-34.0
5900,-8.0,-34.0
5903,-8.0,-34.0
5908,-8.0,-34.0
5912,-8.0,-34.0
5927,-8.0,-34.0
5930,-8.0,-34.0
5931,-8.0,-34.0
5933,-8.0,-34.0
5936,-8.0,-34.0
5937,-8.0,-34.0
5938,-8.0,-34.0
5939,-8.0,-34.0
5945,-8.0,-34.0
5952,-8.0,-34.0
5953,-8.0,-34.0
5957,-8.0,-34.0
5960,-8.0,-34.0
5961,-8.0,-34.0
5963,-8.0,-34.0
5965,-8.0,-34.0
5969,-8.0,-34.0
5972,-8.0,-34.0
5974,-8.0,-34.0
5979,-8.0,-34.0
5981,-8.0,-34.0
5982,-8.0,-34.0
5991,-8.0,-34.0
5992,-8.0,-34.0
5993,-8.0,-34.0
5994,-8.0,-34.0
5998,-8.0,-34.0
6004,-8.0,-34.0
6005,-8.0,-34.0
6008,-8.0,-34.0
6010,-8.0,-34.0
6014,-8.0,-34.0
6017,-8.0,-34.0
6025,-8.0,-34.0
6027,-8.0,-34.0
6029,-8.0,-34.0
6032,-8.0,-34.0
6033,-8.0,-34.0
6037,-8.0,-34.0
6039,-8.0,-34.0
6043,-8.0,-34.0
6051,-8.0,-34.0
6053,-8.0,-34.0
6054,-8.0,-34.0
6056,-8.0,-34.0
6061,-8.0,-34.0
6062,-8.0,-34.0
6064,-8.0,-34.0
6066,-8.0,-34.0
6072,-8.0,-34.0
6073,-8.0,-34.0
6076,-8.0,-34.0
6080,-8.0,-34.0
6085,-8.0,-34.0
6088,-8.0,-34.0
6100,-8.0,-34.0
6101,-8.0,-34.0
6108,-8.0,-34.0
6111,-8.0,-34.0
6113,-8.0,-34.0
6119,-8.0,-34.0
6123,-8.0,-34.0
6128,-8.0,-34.0
6134,-8.0,-34.0
6137,-8.0,-34.0
6146,-8.0,-34.0
6147,-8.0,-34.0
6148,-8.0,-34.0
6151,-8.0,-34.0
6153,-8.0,-34.0
6156,-8.0,-34.0
6160,-8.0,-34.0
6161,-8.0,-34.0
6169,-8.0,-34.0
6176,-8.0,-34.0
6178,-8.0,-34.0
6180,-8.0,-34.0
6182,-8.0,-34.0
6189,-8.0,-34.0
6192,-8.0,-34.0
6193,-8.0,-34.0
6194,-8.0,-34.0
6199,-8.0,-34.0
6202,-8.0,-34.0
6205,-8.0,-34.0
6211,-8.0,-34.0
6214,-8.0,-34.0
6215,-8.0,-34.0
6223,-8.0,-34.0
6231,-8.0,-34.0
6237,-8.0,-34.0
6239,-8.0,-34.0
6240,-8.0,-34.0
6244,-8.0,-34.0
6250,-8.0,-34.0
6258,-8.0,-34.0
6261,-8.0,-34.0
6263,-8.0,-34.0
6266,-8.0,-34.0
6275,-8.0,-34.0
6277,-8.0,-34.0
6289,-8.0,-34.0
6290,-8.0,-34.0
6291,-8.0,-34.0
6300,-8.0,-34.0
6301,-8.0,-34.0
6307,-8.0,-34.0
6309,-8.0,-34.0
6314,-8.0,-34.0
6321,-8.0,-34.0
6322,-8.0,-34.0
6323,-8.0,-34.0
6338,-8.0,-34.0
6343,-8.0,-34.0
6348,-8.0,-34.0
6351,-8.0,-34.0
6355,-8.0,-34.0
6358,-8.0,-34.0
6360,-8.0,-34.0
6363,-8.0,-34.0
6364,-8.0,-34.0
6365,-8.0,-34.0
6377,-8.0,-34.0
6378,-8.0,-34.0
6382,-8.0,-34.0
6383,-8.0,-34.0
6384,-8.0,-34.0
6389,-8.0,-34.0
6390,-8.0,-34.0
6391,-8.0,-34.0
6395,-8.0,-34.0
6398,-8.0,-34.0
6399,-8.0,-34.0
6400,-8.0,-34.0
6401,-8.0,-34.0
6407,-8.0,-34.0
6419,-8.0,-34.0
6423,-8.0,-34.0
6424,-8.0,-34.0
6425,-8.0,-34.0
6426,-8.0,-34.0
6427,-8.0,-34.0
6435,-8.0,-34.0
6436,-8.0,-34.0
6437,-8.0,-34.0
6440,-8.0,-34.0
6442,-8.0,-34.0
6451,-8.0,-34.0
6452,-8.0,-34.0
6458,-8.0,-34.0
6462,-8.0,-34.0
6463,-8.0,-34.0
6464,-8.0,-34.0
6465,-8.0,-34.0
6466,-8.0,-34.0
6472,-8.0,-34.0
6473,-8.0,-34.0
6474,-8.0,-34.0
6475,-8.0,-34.0
6495,-8.0,-34.0
6497,-8.0,-34.0
6498,-8.0,-34.0
6507,-8.0,-34.0
6508,-8.0,-34.0
6512,-8.0,-34.0
6515,-8.0,-34.0
6516,-8.0,-34.0
6517,-8.0,-34.0
6520,-8.0,-34.0
6523,-8.0,-34.0
6533,-8.0,-34.0
6535,-8.0,-34.0
6538,-8.0,-34.0
6539,-8.0,-34.0
6545,-8.0,-34.0
6550,-8.0,-34.0
6555,-8.0,-34.0
6559,-8.0,-34.0
6560,-8.0,-34.0
6561,-8.0,-34.0
6564,-8.0,-34.0
6567,-8.0,-34.0
6571,-8.0,-34.0
6580,-8.0,-34.0
6583,-8.0,-34.0
6584,-8.0,-34.0
6586,-8.0,-34.0
6589,-8.0,-34.0
6594,-8.0,-34.0
6597,-8.0,-34.0
6601,-8.0,-34.0
6611,-8.0,-34.0
6615,-8.0,-34.0
6618,-8.0,-34.0
6622,-8.0,-34.0
6623,-8.0,-34.0
6624,-8.0,-34.0
6625,-8.0,-34.0
6632,-8.0,-34.0
6646,-8.0,-34.0
6649,-8.0,-34.0
6650,-8.0,-34.0
6651,-8.0,-34.0
6653,-8.0,-34.0
6658,-8.0,-34.0
6660,-8.0,-34.0
6663,-8.0,-34.0
6664,-8.0,-34.0
6666,-8.0,-34.0
6669,-8.0,-34.0
6673,-8.0,-34.0
6676,-8.0,-34.0
6685,-8.0,-34.0
6687,-8.0,-34.0
6688,-8.0,-34.0
6689,-8.0,-34.0
6690,-8.0,-34.0
6691,-8.0,-34.0
6692,-8.0,-34.0
6693,-8.0,-34.0
6698,-8.0,-34.0
6703,-8.0,-34.0
6705,-8.0,-34.0
6708,-8.0,-34.0
6713,-8.0,-34.0
6715,-8.0,-34.0
6716,-8.0,-34.0
6718,-8.0,-34.0
6720,-8.0,-34.0
6723,-8.0,-34.0
6727,-8.0,-34.0
6728,-8.0,-34.0
6729,-8.0,-34.0
6733,-8.0,-34.0
6734,-8.0,-34.0
6742,-8.0,-34.0
6743,-8.0,-34.0
6745,-8.0,-34.0
6746,-8.0,-34.0
6750,-8.0,-34.0
6754,-8.0,-34.0
6755,-8.0,-34.0
6757,-8.0,-34.0
6758,-8.0,-34.0
6763,-8.0,-34.0
6769,-8.0,-34.0
6771,-8.0,-34.0
6773,-8.0,-34.0
6774,-8.0,-34.0
6775,-8.0,-34.0
6779,-8.0,-34.0
6784,-8.0,-34.0
6789,-8.0,-34.0
6792,-8.0,-34.0
6796,-8.0,-34.0
6811,-8.0,-34.0
6814,-8.0,-34.0
6820,-8.0,-34.0
6822,-8.0,-34.0
6827,-8.0,-34.0
6829,-8.0,-34.0
6835,-8.0,-34.0
6842,-8.0,-34.0
6849,-8.0,-34.0
6851,-8.0,-34.0
6854,-8.0,-34.0
6855,-8.0,-34.0
6856,-8.0,-34.0
6857,-8.0,-34.0
6860,-8.0,-34.0
6861,-8.0,-34.0
6862,-8.0,-34.0
6864,-8.0,-34.0
6865,-8.0,-34.0
6866,-8.0,-34.0
6871,-8.0,-34.0
6872,-8.0,-34.0
6880,-8.0,-34.0
6883,-8.0,-34.0
6884,-8.0,-34.0
6888,-8.0,-34.0
6890,-8.0,-34.0
6896,-8.0,-34.0
6899,-8.0,-34.0
6908,-8.0,-34.0
6909,-8.0,-34.0
6912,-8.0,-34.0
6913,-8.0,-34.0
6916,-8.0,-34.0
6922,-8.0,-34.0
6923,-8.0,-34.0
6927,-8.0,-34.0
6929,-8.0,-34.0
6932,-8.0,-34.0
6934,-8.0,-34.0
6935,-8.0,-34.0
6940,-8.0,-34.0
6950,-8.0,-34.0
6953,-8.0,-34.0
6954,-8.0,-34.0
6955,-8.0,-34.0
6957,-8.0,-34.0
6962,-8.0,-34.0
6963,-8.0,-34.0
6964,-8.0,-34.0
6967,-8.0,-34.0
6969,-8.0,-34.0
6975,-8.0,-34.0
6977,-8.0,-34.0
6978,-8.0,-34.0
6983,-8.0,-34.0
6992,-8.0,-34.0
6994,-8.0,-34.0
7007,-8.0,-34.0
7008,-8.0,-34.0
7016,-8.0,-34.0
7017,-8.0,-34.0
7019,-8.0,-34.0
7020,-8.0,-34.0
7021,-8.0,-34.0
7024,-8.0,-34.0
7038,-8.0,-34.0
7039,-8.0,-34.0
7040,-8.0,-34.0
7044,-8.0,-34.0
7046,-8.0,-34.0
7047,-8.0,-34.0
7048,-8.0,-34.0
7049,-8.0,-34.0
7050,-8.0,-34.0
7051,-8.0,-34.0
7058,-8.0,-34.0
7063,-8.0,-34.0
7068,-8.0,-34.0
7072,-8.0,-34.0
7074,-8.0,-34.0
7075,-8.0,-34.0
7078,-8.0,-34.0
7081,-8.0,-34.0
7082,-8.0,-34.0
7087,-8.0,-34.0
7089,-8.0,-34.0
7091,-8.0,-34.0
7092,-8.0,-34.0
7093,-8.0,-34.0
7094,-8.0,-34.0
7095,-8.0,-34.0
7104,-8.0,-34.0
7107,-8.0,-34.0
7109,-8.0,-34.0
7116,-8.0,-34.0
7118,-8.0,-34.0
7120,-8.0,-34.0
7122,-8.0,-34.0
7131,-8.0,-34.0
7134,-8.0,-34.0
7135,-8.0,-34.0
7136,-8.0,-34.0
7144,-8.0,-34.0
7146,-8.0,-34.0
7149,-8.0,-34.0
7150,-8.0,-34.0
7152,-8.0,-34.0
7153,-8.0,-34.0
7162,-8.0,-34.0
7171,-8.0,-34.0
7172,-8.0,-34.0
7178,-8.0,-34.0
7182,-8.0,-34.0
7185,-8.0,-34.0
7191,-8.0,-34.0
7199,-8.0,-34.0
7201,-8.0,-34.0
7204,-8.0,-34.0
7205,-8.0,-34.0
7210,-8.0,-34.0
7211,-8.0,-34.0
7223,-8.0,-34.0
7228,-8.0,-34.0
7233,-8.0,-34.0
7234,-8.0,-34.0
7238,-8.0,-34.0
7249,-8.0,-34.0
7250,-8.0,-34.0
7252,-8.0,-34.0
7254,-8.0,-34.0
7262,-8.0,-34.0
7263,-8.0,-34.0
7267,-8.0,-34.0
7269,-8.0,-34.0
7275,-8.0,-34.0
7279,-8.0,-34.0
7282,-8.0,-34.0
7283,-8.0,-34.0
7290,-8.0,-34.0
7293,-8.0,-34.0
7299,-8.0,-34.0
7301,-8.0,-34.0
7304,-8.0,-34.0
7305,-8.0,-34.0
7307,-8.0,-34.0
7310,-8.0,-34.0
7313,-8.0,-34.0
7322,-8.0,-34.0
7323,-8.0,-34.0
7325,-8.0,-34.0
7333,-8.0,-34.0
7335,-8.0,-34.0
7346,-8.0,-34.0
7348,-8.0,-34.0
7359,-8.0,-34.0
7363,-8.0,-34.0
7365,-8.0,-34.0
7375,-8.0,-34.0
7378,-8.0,-34.0
7381,-8.0,-34.0
7382,-8.0,-34.0
7384,-8.0,-34.0
7387,-8.0,-34.0
7391,-8.0,-34.0
7395,-8.0,-34.0
7399,-8.0,-34.0
7402,-8.0,-34.0
7407,-8.0,-34.0
7413,-8.0,-34.0
7415,-8.0,-34.0
7417,-8.0,-34.0
7423,-8.0,-34.0
7425,-8.0,-34.0
7428,-8.0,-34.0
7434,-8.0,-34.0
7435,-8.0,-34.0
7441,-8.0,-34.0
7442,-8.0,-34.0
7444,-8.0,-34.0
7453,-8.0,-34.0
7463,-8.0,-34.0
7465,-8.0,-34.0
7466,-8.0,-34.0
7468,-8.0,-34.0
7487,-8.0,-34.0
7488,-8.0,-34.0
7498,-8.0,-34.0
7499,-8.0,-34.0
7501,-8.0,-34.0
7505,-8.0,-34.0
7507,-8.0,-34.0
7510,-8.0,-34.0
7515,-8.0,-34.0
7516,-8.0,-34.0
7517,-8.0,-34.0
7521,-8.0,-34.0
7523,-8.0,-34.0
7524,-8.0,-34.0
7530,-8.0,-34.0
7531,-8.0,-34.0
7532,-8.0,-34.0
7535,-8.0,-34.0
7542,-8.0,-34.0
7544,-8.0,-34.0
7552,-8.0,-34.0
7557,-8.0,-34.0
7567,-8.0,-34.0
7568,-8.0,-34.0
7569,-8.0,-34.0
7580,-8.0,-34.0
7583,-8.0,-34.0
7584,-8.0,-34.0
7588,-8.0,-34.0
7589,-8.0,-34.0
7591,-8.0,-34.0
7598,-8.0,-34.0
7600,-8.0,-34.0
7603,-8.0,-34.0
7606,-8.0,-34.0
7607,-8.0,-34.0
7608,-8.0,-34.0
7609,-8.0,-34.0
7615,-8.0,-34.0
7618,-8.0,-34.0
7619,-8.0,-34.0
7620,-8.0,-34.0
7628,-8.0,-34.0
7632,-8.0,-34.0
7635,-8.0,-34.0
7637,-8.0,-34.0
7639,-8.0,-34.0
7645,-8.0,-34.0
7647,-8.0,-34.0
7649,-8.0,-34.0
7650,-8.0,-34.0
7655,-8.0,-34.0
7656,-8.0,-34.0
7658,-8.0,-34.0
7660,-8.0,-34.0
7663,-8.0,-34.0
7665,-8.0,-34.0
7671,-8.0,-34.0
7675,-8.0,-34.0
7680,-8.0,-34.0
7681,-8.0,-34.0
7682,-8.0,-34.0
7690,-8.0,-34.0
7692,-8.0,-34.0
7695,-8.0,-34.0
7700,-8.0,-34.0
7702,-8.0,-34.0
7706,-8.0,-34.0
7708,-8.0,-34.0
7710,-8.0,-34.0
7717,-8.0,-34.0
7722,-8.0,-34.0
7724,-8.0,-34.0
7726,-8.0,-34.0
7731,-8.0,-34.0
7732,-8.0,-34.0
7745,-8.0,-34.0
7747,-8.0,-34.0
7748,-8.0,-34.0
7749,-8.0,-34.0
7751,-8.0,-34.0
7754,-8.0,-34.0
7755,-8.0,-34.0
7756,-8.0,-34.0
7758,-8.0,-34.0
7762,-8.0,-34.0
7764,-8.0,-34.0
7768,-8.0,-34.0
7770,-8.0,-34.0
7772,-8.0,-34.0
7774,-8.0,-34.0
7778,-8.0,-34.0
7780,-8.0,-34.0
7791,-8.0,-34.0
7792,-8.0,-34.0
7793,-8.0,-34.0
7796,-8.0,-34.0
7797,-8.0,-34.0
7798,-8.0,-34.0
7799,-8.0,-34.0
7800,-8.0,-34.0
7807,-8.0,-34.0
7814,-8.0,-34.0
7819,-8.0,-34.0
7821,-8.0,-34.0
7823,-8.0,-34.0
7824,-8.0,-34.0
7826,-8.0,-34.0
7828,-8.0,-34.0
7829,-8.0,-34.0
7838,-8.0,-34.0
7853,-8.0,-34.0
7859,-8.0,-34.0
7864,-8.0,-34.0
7868,-8.0,-34.0
7871,-8.0,-34.0
7874,-8.0,-34.0
7875,-8.0,-34.0
7876,-8.0,-34.0
7877,-8.0,-34.0
7881,-8.0,-34.0
7882,-8.0,-34.0
7884,-8.0,-34.0
7889,-8.0,-34.0
7893,-8.0,-34.0
7894,-8.0,-34.0
7897,-8.0,-34.0
7898,-8.0,-34.0
7899,-8.0,-34.0
7903,-8.0,-34.0
7909,-8.0,-34.0
7913,-8.0,-34.0
7918,-8.0,-34.0
7919,-8.0,-34.0
7921,-8.0,-34.0
7924,-8.0,-34.0
7925,-8.0,-34.0
7927,-8.0,-34.0
7928,-8.0,-34.0
7936,-8.0,-34.0
7938,-8.0,-34.0
7947,-8.0,-34.0
7948,-8.0,-34.0
7951,-8.0,-34.0
7954,-8.0,-34.0
7955,-8.0,-34.0
7957,-8.0,-34.0
7958,-8.0,-34.0
7959,-8.0,-34.0
7963,-8.0,-34.0
7964,-8.0,-34.0
7965,-8.0,-34.0
7969,-8.0,-34.0
7972,-8.0,-34.0
7981,-8.0,-34.0
7986,-8.0,-34.0
7988,-8.0,-34.0
8000,-8.0,-34.0
8001,-8.0,-34.0
8011,-8.0,-34.0
8026,-8.0,-34.0
8027,-8.0,-34.0
8028,-8.0,-34.0
8029,-8.0,-34.0
8039,-8.0,-34.0
8046,-8.0,-34.0
8047,-8.0,-34.0
8051,-8.0,-34.0
8059,-8.0,-34.0
8061,-8.0,-34.0
8066,-8.0,-34.0
8067,-8.0,-34.0
8068,-8.0,-34.0
8069,-8.0,-34.0
8077,-8.0,-34.0
8080,-8.0,-34.0
8085,-8.0,-34.0
8097,-8.0,-34.0
8105,-8.0,-34.0
8106,-8.0,-34.0
8107,-8.0,-34.0
8108,-8.0,-34.0
8109,-8.0,-34.0
8111,-8.0,-34.0
8121,-8.0,-34.0
8123,-8.0,-34.0
8124,-8.0,-34.0
8125,-8.0,-34.0
8127,-8.0,-34.0
8129,-8.0,-34.0
8131,-8.0,-34.0
8137,-8.0,-34.0
8138,-8.0,-34.0
8142,-8.0,-34.0
8143,-8.0,-34.0
8146,-8.0,-34.0
8148,-8.0,-34.0
8153,-8.0,-34.0
8157,-8.0,-34.0
8158,-8.0,-34.0
8159,-8.0,-34.0
8160,-8.0,-34.0
8168,-8.0,-34.0
8170,-8.0,-34.0
8171,-8.0,-34.0
8180,-8.0,-34.0
8183,-8.0,-34.0
8185,-8.0,-34.0
8186,-8.0,-34.0
8187,-8.0,-34.0
8188,-8.0,-34.0
8193,-8.0,-34.0
8196,-8.0,-34.0
8198,-8.0,-34.0
8200,-8.0,-34.0
8201,-8.0,-34.0
8203,-8.0,-34.0
8205,-8.0,-34.0
8209,-8.0,-34.0
8210,-8.0,-34.0
8214,-8.0,-34.0
8215,-8.0,-34.0
8219,-8.0,-34.0
8221,-8.0,-34.0
8222,-8.0,-34.0
8233,-8.0,-34.0
8236,-8.0,-34.0
8240,-8.0,-34.0
8244,-8.0,-34.0
8247,-8.0,-34.0
8248,-8.0,-34.0
8250,-8.0,-34.0
8254,-8.0,-34.0
8257,-8.0,-34.0
8259,-8.0,-34.0
8263,-8.0,-34.0
8268,-8.0,-34.0
8270,-8.0,-34.0
8272,-8.0,-34.0
8274,-8.0,-34.0
8275,-8.0,-34.0
8277,-8.0,-34.0
8281,-8.0,-34.0
8287,-8.0,-34.0
8289,-8.0,-34.0
8292,-8.0,-34.0
8294,-8.0,-34.0
8299,-8.0,-34.0
8300,-8.0,-34.0
8302,-8.0,-34.0
8316,-8.0,-34.0
8317,-8.0,-34.0
8318,-8.0,-34.0
8323,-8.0,-34.0
8324,-8.0,-34.0
8325,-8.0,-34.0
8330,-8.0,-34.0
8332,-8.0,-34.0
8333,-8.0,-34.0
8334,-8.0,-34.0
8336,-8.0,-34.0
8344,-8.0,-34.0
8346,-8.0,-34.0
8347,-8.0,-34.0
8354,-8.0,-34.0
8362,-8.0,-34.0
8365,-8.0,-34.0
8368,-8.0,-34.0
8370,-8.0,-34.0
8373,-8.0,-34.0
8375,-8.0,-34.0
8377,-8.0,-34.0
8381,-8.0,-34.0
8382,-8.0,-34.0
8383,-8.0,-34.0
8384,-8.0,-34.0
8386,-8.0,-34.0
8388,-8.0,-34.0
8394,-8.0,-34.0
8396,-8.0,-34.0
8398,-8.0,-34.0
8399,-8.0,-34.0
8401,-8.0,-34.0
8403,-8.0,-34.0
8405,-8.0,-34.0
8408,-8.0,-34.0
8412,-8.0,-34.0
8414,-8.0,-34.0
8417,-8.0,-34.0
8418,-8.0,-34.0
8419,-8.0,-34.0
8420,-8.0,-34.0
8421,-8.0,-34.0
8422,-8.0,-34.0
8424,-8.0,-34.0
8426,-8.0,-34.0
8438,-8.0,-34.0
8447,-8.0,-34.0
8450,-8.0,-34.0
8452,-8.0,-34.0
8463,-8.0,-34.0
8465,-8.0,-34.0
8475,-8.0,-34.0
8478,-8.0,-34.0
8481,-8.0,-34.0
8485,-8.0,-34.0
8487,-8.0,-34.0
8490,-8.0,-34.0
8493,-8.0,-34.0
8496,-8.0,-34.0
8499,-8.0,-34.0
8503,-8.0,-34.0
8504,-8.0,-34.0
8505,-8.0,-34.0
8511,-8.0,-34.0
8515,-8.0,-34.0
8516,-8.0,-34.0
8520,-8.0,-34.0
8522,-8.0,-34.0
8525,-8.0,-34.0
8526,-8.0,-34.0
8530,-8.0,-34.0
8532,-8.0,-34.0
8534,-8.0,-34.0
8536,-8.0,-34.0
8538,-8.0,-34.0
8541,-8.0,-34.0
8546,-8.0,-34.0
8547,-8.0,-34.0
8548,-8.0,-34.0
8553,-8.0,-34.0
8557,-8.0,-34.0
8559,-8.0,-34.0
8560,-8.0,-34.0
8566,-8.0,-34.0
8568,-8.0,-34.0
8570,-8.0,-34.0
8587,-8.0,-34.0
8590,-8.0,-34.0
8592,-8.0,-34.0
8603,-8.0,-34.0
8604,-8.0,-34.0
8606,-8.0,-34.0
8614,-8.0,-34.0
8618,-8.0,-34.0
8620,-8.0,-34.0
8627,-8.0,-34.0
8628,-8.0,-34.0
8629,-8.0,-34.0
8630,-8.0,-34.0
8631,-8.0,-34.0
8640,-8.0,-34.0
8641,-8.0,-34.0
8653,-8.0,-34.0
8655,-8.0,-34.0
8658,-8.0,-34.0
8660,-8.0,-34.0
8664,-8.0,-34.0
8665,-8.0,-34.0
8673,-8.0,-34.0
8674,-8.0,-34.0
8678,-8.0,-34.0
8689,-8.0,-34.0
8690,-8.0,-34.0
8692,-8.0,-34.0
8698,-8.0,-34.0
8699,-8.0,-34.0
8700,-8.0,-34.0
8704,-8.0,-34.0
8706,-8.0,-34.0
8709,-8.0,-34.0
8718,-8.0,-34.0
8722,-8.0,-34.0
8725,-8.0,-34.0
8731,-8.0,-34.0
8732,-8.0,-34.0
8736,-8.0,-34.0
8744,-8.0,-34.0
8745,-8.0,-34.0
8748,-8.0,-34.0
8753,-8.0,-34.0
8758,-8.0,-34.0
8759,-8.0,-34.0
8760,-8.0,-34.0
8768,-8.0,-34.0
8771,-8.0,-34.0
8772,-8.0,-34.0
8774,-8.0,-34.0
8793,-8.0,-34.0
8794,-8.0,-34.0
8796,-8.0,-34.0
8798,-8.0,-34.0
8801,-8.0,-34.0
8804,-8.0,-34.0
8805,-8.0,-34.0
8806,-8.0,-34.0
8817,-8.0,-34.0
8820,-8.0,-34.0
8831,-8.0,-34.0
8833,-8.0,-34.0
8834,-8.0,-34.0
8835,-8.0,-34.0
8845,-8.0,-34.0
8846,-8.0,-34.0
8848,-8.0,-34.0
8851,-8.0,-34.0
8854,-8.0,-34.0
8861,-8.0,-34.0
8863,-8.0,-34.0
8864,-8.0,-34.0
8872,-8.0,-34.0
8873,-8.0,-34.0
8876,-8.0,-34.0
8877,-8.0,-34.0
8878,-8.0,-34.0
8880,-8.0,-34.0
8882,-8.0,-34.0
8883,-8.0,-34.0
8888,-8.0,-34.0
8890,-8.0,-34.0
8891,-8.0,-34.0
8893,-8.0,-34.0
8899,-8.0,-34.0
8903,-8.0,-34.0
8904,-8.0,-34.0
8907,-8.0,-34.0
8909,-8.0,-34.0
8910,-8.0,-34.0
8912,-8.0,-34.0
8915,-8.0,-34.0
8917,-8.0,-34.0
8919,-8.0,-34.0
8933,-8.0,-34.0
8935,-8.0,-34.0
8936,-8.0,-34.0
8938,-8.0,-34.0
8939,-8.0,-34.0
8943,-8.0,-34.0
8950,-8.0,-34.0
8951,-8.0,-34.0
8956,-8.0,-34.0
8961,-8.0,-34.0
8968,-8.0,-34.0
8973,-8.0,-34.0
8974,-8.0,-34.0
8977,-8.0,-34.0
8984,-8.0,-34.0
8986,-8.0,-34.0
8990,-8.0,-34.0
8992,-8.0,-34.0
9003,-8.0,-34.0
9004,-8.0,-34.0
9012,-8.0,-34.0
9017,-8.0,-34.0
9018,-8.0,-34.0
9027,-8.0,-34.0
9030,-8.0,-34.0
9034,-8.0,-34.0
9037,-8.0,-34.0
9038,-8.0,-34.0
9039,-8.0,-34.0
9040,-8.0,-34.0
9043,-8.0,-34.0
9046,-8.0,-34.0
9055,-8.0,-34.0
9058,-8.0,-34.0
9061,-8.0,-34.0
9068,-8.0,-34.0
9071,-8.0,-34.0
9081,-8.0,-34.0
9082,-8.0,-34.0
9090,-8.0,-34.0
9097,-8.0,-34.0
9099,-8.0,-34.0
9100,-8.0,-34.0
9101,-8.0,-34.0
9105,-8.0,-34.0
9108,-8.0,-34.0
9109,-8.0,-34.0
9111,-8.0,-34.0
9113,-8.0,-34.0
9118,-8.0,-34.0
9121,-8.0,-34.0
9127,-8.0,-34.0
9129,-8.0,-34.0
9134,-8.0,-34.0
9142,-8.0,-34.0
9144,-8.0,-34.0
9148,-8.0,-34.0
9157,-8.0,-34.0
9162,-8.0,-34.0
9164,-8.0,-34.0
9170,-8.0,-34.0
9171,-8.0,-34.0
9172,-8.0,-34.0
9173,-8.0,-34.0
9184,-8.0,-34.0
9185,-8.0,-34.0
9189,-8.0,-34.0
9190,-8.0,-34.0
9194,-8.0,-34.0
9199,-8.0,-34.0
9205,-8.0,-34.0
9211,-8.0,-34.0
9214,-8.0,-34.0
9218,-8.0,-34.0
9220,-8.0,-34.0
9222,-8.0,-34.0
9223,-8.0,-34.0
9224,-8.0,-34.0
9229,-8.0,-34.0
9230,-8.0,-34.0
9231,-8.0,-34.0
9232,-8.0,-34.0
9235,-8.0,-34.0
9241,-8.0,-34.0
9243,-8.0,-34.0
9245,-8.0,-34.0
9249,-8.0,-34.0
9251,-8.0,-34.0
9252,-8.0,-34.0
9258,-8.0,-34.0
9264,-8.0,-34.0
9266,-8.0,-34.0
9267,-8.0,-34.0
9270,-8.0,-34.0
9273,-8.0,-34.0
9275,-8.0,-34.0
9281,-8.0,-34.0
9290,-8.0,-34.0
9292,-8.0,-34.0
9296,-8.0,-34.0
9299,-8.0,-34.0
9302,-8.0,-34.0
9307,-8.0,-34.0
9311,-8.0,-34.0
9312,-8.0,-34.0
9313,-8.0,-34.0
9315,-8.0,-34.0
9319,-8.0,-34.0
9320,-8.0,-34.0
9321,-8.0,-34.0
9324,-8.0,-34.0
9327,-8.0,-34.0
9328,-8.0,-34.0
9329,-8.0,-34.0
9330,-8.0,-34.0
9334,-8.0,-34.0
9336,-8.0,-34.0
9341,-8.0,-34.0
9346,-8.0,-34.0
9348,-8.0,-34.0
9354,-8.0,-34.0
9362,-8.0,-34.0
9365,-8.0,-34.0
9371,-8.0,-34.0
9372,-8.0,-34.0
9374,-8.0,-34.0
9375,-8.0,-34.0
9376,-8.0,-34.0
9379,-8.0,-34.0
9380,-8.0,-34.0
9384,-8.0,-34.0
9387,-8.0,-34.0
9390,-8.0,-34.0
9391,-8.0,-34.0
9392,-8.0,-34.0
9393,-8.0,-34.0
9394,-8.0,-34.0
9395,-8.0,-34.0
9396,-8.0,-34.0
9402,-8.0,-34.0
9409,-8.0,-34.0
9414,-8.0,-34.0
9419,-8.0,-34.0
9421,-8.0,-34.0
9422,-8.0,-34.0
9423,-8.0,-34.0
9429,-8.0,-34.0
9433,-8.0,-34.0
9434,-8.0,-34.0
9440,-8.0,-34.0
9441,-8.0,-34.0
9448,-8.0,-34.0
9450,-8.0,-34.0
9452,-8.0,-34.0
9453,-8.0,-34.0
9454,-8.0,-34.0
9455,-8.0,-34.0
9459,-8.0,-34.0
9469,-8.0,-34.0
9470,-8.0,-34.0
9471,-8.0,-34.0
9472,-8.0,-34.0
9477,-8.0,-34.0
9481,-8.0,-34.0
9484,-8.0,-34.0
9485,-8.0,-34.0
9491,-8.0,-34.0
9492,-8.0,-34.0
9493,-8.0,-34.0
9494,-8.0,-34.0
9499,-8.0,-34.0
9504,-8.0,-34.0
9513,-8.0,-34.0
9514,-8.0,-34.0
9518,-8.0,-34.0
9519,-8.0,-34.0
9520,-8.0,-34.0
9521,-8.0,-34.0
9536,-8.0,-34.0
9540,-8.0,-34.0
9542,-8.0,-34.0
9543,-8.0,-34.0
9545,-8.0,-34.0
9549,-8.0,-34.0
9552,-8.0,-34.0
9553,-8.0,-34.0
9556,-8.0,-34.0
9558,-8.0,-34.0
9562,-8.0,-34.0
9564,-8.0,-34.0
9566,-8.0,-34.0
9568,-8.0,-34.0
9571,-8.0,-34.0
9575,-8.0,-34.0
9582,-8.0,-34.0
9587,-8.0,-34.0
9590,-8.0,-34.0
9591,-8.0,-34.0
9594,-8.0,-34.0
9601,-8.0,-34.0
9602,-8.0,-34.0
9603,-8.0,-34.0
9604,-8.0,-34.0
9605,-8.0,-34.0
9609,-8.0,-34.0
9613,-8.0,-34.0
9614,-8.0,-34.0
9615,-8.0,-34.0
9616,-8.0,-34.0
9621,-8.0,-34.0
9622,-8.0,-34.0
9627,-8.0,-34.0
9633,-8.0,-34.0
9635,-8.0,-34.0
9637,-8.0,-34.0
9638,-8.0,-34.0
9640,-8.0,-34.0
9641,-8.0,-34.0
9643,-8.0,-34.0
9644,-8.0,-34.0
9645,-8.0,-34.0
9651,-8.0,-34.0
9653,-8.0,-34.0
9664,-8.0,-34.0
9668,-8.0,-34.0
9672,-8.0,-34.0
9674,-8.0,-34.0
9675,-8.0,-34.0
9677,-8.0,-34.0
9678,-8.0,-34.0
